Height,Position
6-8,Forward
6-11,Center
6-9,Center-Forward
6-5,Guard
7-0,Forward-Center
6-5,Guard
6-4,Guard
6-9,Center
6-0,Guard
6-9,Forward-Guard
7-0,Forward
6-7,Forward
6-3,Guard
6-7,Forward
6-3,Guard
6-9,Forward
7-0,Center
6-11,Center-Forward
6-10,Forward
6-9,Forward
6-7,Guard
7-0,Center
6-10,Forward
6-5,Guard
6-7,Forward
6-9,Forward
6-8,Forward
6-8,Forward
6-6,Forward-Guard
6-5,Guard
6-9,Center-Forward
6-8,Forward
6-8,Guard-Forward
6-9,Forward
6-4,Guard
6-4,Guard
6-7,Forward
6-10,Forward
6-2,Guard
6-7,Forward
6-8,Center
6-11,Center-Forward
6-8,Center
6-6,Forward
6-5,Guard
6-7,Forward
7-2,Center-Forward
6-6,Forward
6-5,Guard
6-6,Guard
6-9,Forward-Center
6-4,Guard
6-2,Guard
6-11,Center-Forward
6-4,Forward
6-5,Forward
6-6,Guard
6-6,Guard-Forward
6-7,Forward-Guard
6-4,Guard
6-6,Guard-Forward
6-4,Guard-Forward
6-6,Guard-Forward
6-7,Guard
7-2,Center
6-5,Guard-Forward
6-7,Forward
6-7,Guard-Forward
6-2,Guard
6-10,Center-Forward
6-6,Guard-Forward
6-6,Guard
6-4,Guard-Forward
6-3,Guard
6-7,Forward
7-0,Forward
6-6,Forward
6-5,Guard
5-10,Guard
6-8,Forward
6-10,Center
6-10,Center
6-1,Guard
6-10,Center-Forward
6-5,Guard
6-5,Guard
6-7,Forward
6-6,Guard-Forward
5-11,Guard
6-5,Guard
6-4,Guard
6-8,Forward
6-5,Guard
6-11,Center
6-7,Guard-Forward
6-9,Forward-Center
6-11,Forward-Center
6-10,Center
6-1,Guard
6-5,Guard
6-8,Forward
6-7,Forward
6-7,Forward
6-6,Forward
6-6,Guard-Forward
6-7,Guard
6-1,Guard
6-2,Guard
6-7,Guard
6-10,Forward-Center
6-4,Guard
6-4,Guard
6-1,Guard
6-7,Forward
6-6,Guard-Forward
6-10,Center
6-3,Guard
6-4,Guard
6-10,Forward
6-9,Forward
6-5,Guard
6-10,Center
6-9,Forward
6-5,Guard
6-7,Forward-Guard
6-4,Guard
6-4,Guard
6-5,Guard
6-1,Guard
6-3,Guard
6-6,Guard-Forward
6-4,Guard
6-11,Center
6-5,Guard
6-4,Guard
6-3,Guard
6-10,Forward
6-11,Center
6-8,Forward
6-4,Guard
6-7,Forward
6-3,Guard
7-0,Center-Forward
6-10,Forward-Center
6-10,Forward-Center
6-7,Forward
6-1,Guard
6-7,Forward
6-2,Guard
6-4,Guard
6-8,Forward
6-6,Guard-Forward
6-3,Guard
6-4,Guard
6-9,Forward
6-10,Forward-Center
6-1,Guard
6-8,Forward
6-10,Center
6-8,Forward-Guard
6-8,Forward
6-9,Forward
6-8,Guard
6-6,Guard
6-8,Forward
5-9,Guard
7-1,Center
6-3,Guard
6-8,Forward
6-3,Guard
6-1,Guard
6-8,Forward
6-7,Forward
6-5,Guard
6-6,Guard
6-6,Forward
6-9,Forward-Center
6-4,Guard
6-5,Guard
6-8,Forward
6-7,Guard
6-6,Forward
6-9,Forward
6-5,Guard
6-8,Forward
6-5,Guard
6-7,Guard
6-4,Guard
6-5,Guard-Forward
6-5,Guard
6-3,Guard
6-5,Forward
6-7,Forward-Center
6-4,Guard
6-6,Guard-Forward
6-6,Guard
6-7,Forward
6-4,Guard
6-4,Guard
7-0,Center-Forward
6-7,Forward
6-7,Forward
7-0,Center-Forward
6-5,Guard
6-7,Forward
6-9,Forward
6-11,Center-Forward
6-5,Guard
6-4,Guard
6-5,Forward
6-4,Guard
6-6,Forward
6-0,Guard
6-5,Guard
6-6,Forward-Guard
6-8,Forward
6-9,Center-Forward
6-4,Guard
6-6,Forward-Guard
6-8,Guard
6-0,Guard
6-7,Guard-Forward
7-1,Center
6-8,Forward-Guard
6-2,Guard
6-11,Forward
6-6,Guard-Forward
6-9,Forward-Guard
6-8,Forward
6-2,Guard
6-10,Forward
6-4,Guard
6-3,Guard
6-9,Forward
6-8,Forward
6-5,Guard
6-2,Guard
6-10,Forward-Center
6-9,Forward
6-5,Guard-Forward
6-3,Guard
6-8,Forward
6-8,Forward
6-8,Forward
6-7,Forward
6-5,Forward-Guard
6-3,Guard
6-6,Forward-Guard
6-11,Center
6-0,Guard
6-11,Center
6-7,Forward
6-11,Center-Forward
6-1,Guard
6-2,Guard
6-6,Forward
6-11,Center
6-3,Guard
6-10,Forward
6-6,Guard
6-10,Center
7-0,Forward-Center
6-4,Guard
6-5,Guard
7-0,Center
6-8,Forward
6-7,Forward
6-6,Forward
6-10,Forward
6-8,Forward-Center
6-7,Forward
7-0,Center
6-5,Guard
6-7,Guard-Forward
7-2,Center-Forward
6-8,Guard
6-7,Forward
6-9,Forward
6-7,Forward
6-5,Guard
6-6,Forward
6-11,Center
6-5,Guard-Forward
6-6,Guard
6-6,Guard
6-5,Guard-Forward
6-2,Guard
7-2,Center
6-7,Forward
7-0,Forward-Center
6-1,Guard
6-2,Guard
6-5,Forward-Guard
6-6,Forward
6-6,Forward
6-9,Forward
7-1,Center
7-0,Center
6-8,Forward-Center
6-0,Guard
6-9,Forward
6-5,Guard
6-10,Forward-Center
6-5,Guard-Forward
6-3,Guard
7-4,Center
7-0,Forward-Center
6-7,Forward
6-5,Forward
6-6,Forward
6-6,Guard
6-7,Forward
6-6,Guard
6-5,Guard-Forward
6-5,Guard
6-2,Guard
6-4,Guard
6-2,Guard
6-2,Guard
6-3,Guard
6-1,Guard
6-9,Forward
6-9,Forward-Center
6-6,Forward
7-0,Center-Forward
6-6,Guard
6-4,Guard
6-0,Guard
6-2,Guard
6-4,Guard
6-9,Forward-Center
6-7,Forward
6-0,Guard
6-5,Guard-Forward
6-7,Forward
6-8,Forward
6-0,Guard
6-1,Guard
6-11,Center
6-8,Forward
6-5,Forward
6-3,Guard
6-5,Guard
6-0,Guard
6-5,Guard
6-2,Guard
6-9,Forward
6-2,Guard
6-8,Forward
6-8,Forward
6-5,Guard
6-4,Guard
6-8,Forward
6-11,Forward-Center
6-7,Guard-Forward
6-8,Forward-Center
6-3,Guard-Forward
6-5,Guard-Forward
6-2,Guard
6-7,Forward
6-4,Guard
6-9,Forward-Center
6-10,Center-Forward
6-4,Guard
6-4,Guard
6-3,Guard
7-0,Center
6-9,Forward
6-6,Forward
6-8,Forward
6-4,Guard
6-9,Forward-Center
6-5,Forward-Guard
6-8,Forward-Guard
6-3,Guard
6-11,Forward-Center
6-6,Forward
6-7,Forward
6-6,Forward-Guard
6-0,Guard
6-1,Guard
6-2,Guard
6-7,Guard-Forward
6-1,Guard
7-0,Forward-Center
7-1,Center
7-0,Forward
6-4,Guard
6-4,Guard-Forward
6-10,Forward
6-8,Forward
6-11,Forward
7-3,Forward-Center
6-8,Center
6-10,Forward-Center
6-4,Guard
6-3,Guard
6-6,Guard
6-6,Forward
6-1,Guard
6-6,Guard
7-0,Center
6-2,Guard
6-4,Guard
6-8,Forward-Center
6-5,Guard
6-7,Forward-Guard
6-5,Guard
6-9,Forward
6-9,Center-Forward
6-6,Guard
7-0,Center
6-6,Guard
6-4,Guard
6-7,Forward
7-0,Center-Forward
6-10,Center
6-8,Forward
6-8,Forward
6-4,Forward
6-3,Guard
6-3,Guard
6-7,Guard-Forward
6-1,Guard
6-2,Guard
6-4,Guard
6-6,Forward
7-1,Forward-Center
6-10,Forward
6-10,Forward-Center
6-11,Center
6-6,Guard
6-5,Forward
6-1,Guard
6-5,Guard
6-5,Guard
6-11,Center
6-2,Guard
6-4,Guard
6-9,Center
6-5,Guard
6-8,Forward
6-8,Forward
6-10,Guard-Forward
6-5,Guard
7-0,Center
6-3,Guard
6-10,Center
6-4,Guard
6-3,Guard
6-0,Guard
6-9,Forward-Center
6-2,Guard
6-11,Forward
6-5,Forward
6-8,Forward
6-4,Guard
6-6,Forward
6-8,Forward-Center
6-5,Guard-Forward
6-5,Guard
6-4,Guard
6-9,Forward
6-5,Forward
6-8,Forward-Guard
6-4,Forward
6-6,Guard-Forward
6-7,Forward
6-8,Forward-Center
6-3,Guard
6-6,Guard
6-9,Forward
6-5,Guard-Forward
6-7,Forward
6-9,Forward
6-9,Forward
6-6,Forward
7-0,Center-Forward
6-5,Guard-Forward
6-5,Forward
6-11,Center-Forward
6-6,Guard
6-11,Center
6-0,Guard
6-8,Forward
6-5,Guard-Forward
6-2,Guard
6-10,Forward
6-10,Center
6-9,Forward-Center
6-10,Forward
6-11,Forward-Center
6-5,Forward
6-7,Forward
6-0,Guard
6-4,Guard-Forward
6-3,Guard
6-8,Forward
6-7,Forward
6-2,Guard
6-3,Guard
6-8,Guard-Forward
6-6,Forward
6-8,Forward
6-7,Guard
6-4,Guard
6-3,Guard
6-5,Guard
6-4,Guard
6-7,Forward
6-6,Guard-Forward
6-5,Guard
6-7,Forward
6-1,Guard
6-4,Guard
6-6,Guard
6-6,Forward
6-5,Guard-Forward
6-9,Forward
6-5,Guard
6-6,Guard-Forward
7-0,Center
6-7,Forward
6-9,Forward
6-9,Center-Forward
6-4,Guard
6-6,Forward
6-7,Guard-Forward
6-6,Forward-Guard
7-0,Center
6-9,Forward
6-5,Guard
5-11,Guard
6-3,Guard
6-8,Forward
6-1,Guard
6-11,Center
6-11,Forward-Center
7-0,Center
